customer_id,status_customer,income_customer,vocation_package,total_spend,country
1,inactive,$896,basic,$142,China
2,active,$626,basic,$288,China
3,pending,$530,basic,$284,Colombia
4,inactive,$837,basic,$299,Sweden
5,pending,$896,basic,$178,Indonesia
6,inactive,$776,deluxe,$195,China
7,active,$903,premium,$235,Thailand
8,active,$982,premium,$150,Russia
9,pending,$564,basic,$90,Sweden
10,inactive,$543,deluxe,$73,Sweden
11,pending,$870,deluxe,$126,Poland
12,inactive,$650,basic,$192,Cuba
13,pending,$958,premium,$87,Ukraine
14,pending,$541,basic,$136,Philippines
15,inactive,$745,deluxe,$233,Philippines
16,inactive,$693,premium,$267,Indonesia
17,inactive,$886,deluxe,$212,Kazakhstan
18,active,$992,deluxe,$214,China
19,inactive,$547,deluxe,$125,Nigeria
20,pending,$840,basic,$58,China
21,inactive,$575,premium,$76,Brazil
22,active,$958,premium,$255,Czech Republic
23,inactive,$940,basic,$232,China
24,inactive,$662,basic,$140,Poland
25,inactive,$511,premium,$259,Mexico
26,pending,$972,premium,$176,Vietnam
27,pending,$604,deluxe,$264,Palestinian Territory
28,inactive,$738,premium,$183,Ireland
29,inactive,$862,basic,$278,Kazakhstan
30,active,$547,basic,$63,Ireland
31,active,$669,deluxe,$297,France
32,inactive,$638,deluxe,$63,Poland
33,active,$750,basic,$205,Albania
34,inactive,$842,deluxe,$277,Philippines
35,inactive,$530,basic,$75,Russia
36,inactive,$517,basic,$115,Malawi
37,pending,$644,deluxe,$207,Kazakhstan
38,pending,$510,premium,$160,Moldova
39,active,$669,premium,$297,China
40,active,$542,deluxe,$103,Albania
41,pending,$715,deluxe,$265,China
42,inactive,$904,premium,$206,Jordan
43,inactive,$998,deluxe,$289,Kyrgyzstan
44,pending,$504,deluxe,$199,United States
45,pending,$536,deluxe,$128,Poland
46,pending,$780,deluxe,$113,Guatemala
47,pending,$501,premium,$190,China
48,active,$632,deluxe,$138,Poland
49,active,$655,basic,$86,Colombia
50,pending,$717,deluxe,$127,United States
51,inactive,$532,basic,$286,Ecuador
52,inactive,$587,premium,$133,Brazil
53,inactive,$741,premium,$294,Poland
54,active,$806,premium,$191,Indonesia
55,active,$857,deluxe,$104,Indonesia
56,pending,$553,basic,$84,China
57,inactive,$742,basic,$274,Philippines
58,inactive,$505,premium,$74,Poland
59,active,$780,basic,$117,Malaysia
60,active,$893,premium,$110,Philippines
61,inactive,$758,basic,$83,Poland
62,inactive,$844,premium,$257,Norway
63,active,$561,basic,$232,China
64,pending,$953,deluxe,$260,Poland
65,pending,$852,basic,$201,Finland
66,inactive,$894,deluxe,$265,China
67,inactive,$960,basic,$144,Philippines
68,pending,$602,deluxe,$77,Russia
69,pending,$919,deluxe,$174,Indonesia
70,pending,$932,basic,$246,Brazil
71,active,$624,premium,$260,Ukraine
72,pending,$544,premium,$211,Indonesia
73,active,$899,basic,$261,United States
74,inactive,$956,deluxe,$131,Croatia
75,inactive,$932,basic,$135,China
76,active,$584,deluxe,$150,Russia
77,inactive,$639,basic,$50,Yemen
78,pending,$900,basic,$166,Greece
79,pending,$532,deluxe,$73,Saint Vincent and the Grenadines
80,active,$528,basic,$169,Greece
81,inactive,$787,basic,$173,China
82,inactive,$591,premium,$231,Philippines
83,active,$564,deluxe,$254,Kuwait
84,pending,$539,deluxe,$123,Brazil
85,pending,$608,deluxe,$125,China
86,inactive,$793,basic,$178,Philippines
87,inactive,$883,deluxe,$140,Costa Rica
88,active,$780,basic,$52,Moldova
89,active,$588,basic,$90,Poland
90,active,$925,premium,$226,South Africa
91,inactive,$554,basic,$64,Ukraine
92,pending,$782,deluxe,$78,China
93,active,$815,deluxe,$71,Indonesia
94,inactive,$865,deluxe,$257,Portugal
95,pending,$757,deluxe,$52,Ukraine
96,inactive,$531,basic,$248,China
97,active,$717,premium,$155,Brazil
98,inactive,$954,deluxe,$196,China
99,inactive,$788,deluxe,$266,Germany
100,inactive,$910,deluxe,$54,China
101,pending,$509,deluxe,$110,United States
102,pending,$758,premium,$53,Thailand
103,inactive,$696,premium,$68,Turkmenistan
104,inactive,$660,basic,$225,China
105,active,$962,basic,$243,Colombia
106,active,$512,premium,$141,Croatia
107,active,$912,premium,$209,Indonesia
108,active,$793,premium,$193,Indonesia
109,active,$661,premium,$232,Mongolia
110,pending,$837,deluxe,$259,Russia
111,active,$714,premium,$97,Russia
112,inactive,$627,deluxe,$210,Poland
113,inactive,$771,basic,$153,Thailand
114,active,$803,deluxe,$193,Thailand
115,pending,$915,premium,$92,Indonesia
116,inactive,$745,deluxe,$74,United States
117,inactive,$595,basic,$137,Iran
118,pending,$650,premium,$123,Pakistan
119,pending,$741,deluxe,$127,China
120,active,$833,basic,$276,China
121,inactive,$613,basic,$263,United Arab Emirates
122,inactive,$618,premium,$152,Croatia
123,active,$982,basic,$107,Indonesia
124,inactive,$724,basic,$212,Palestinian Territory
125,active,$962,deluxe,$289,China
126,inactive,$759,deluxe,$289,Greece
127,pending,$536,basic,$85,France
128,pending,$949,deluxe,$86,China
129,pending,$560,premium,$284,Indonesia
130,pending,$533,premium,$70,Philippines
131,pending,$757,premium,$63,Japan
132,active,$719,deluxe,$195,Croatia
133,pending,$555,basic,$191,Egypt
134,inactive,$556,basic,$193,North Korea
135,inactive,$705,basic,$224,Indonesia
136,pending,$726,premium,$258,Israel
137,active,$537,premium,$124,Portugal
138,inactive,$650,deluxe,$206,Russia
139,active,$624,basic,$291,China
140,pending,$894,deluxe,$124,Norway
141,inactive,$809,basic,$67,China
142,inactive,$531,premium,$249,China
143,pending,$564,deluxe,$144,China
144,pending,$539,premium,$252,Thailand
145,active,$836,premium,$159,China
146,inactive,$837,basic,$175,Indonesia
147,inactive,$866,deluxe,$237,Indonesia
148,active,$657,premium,$291,Philippines
149,active,$754,basic,$202,Peru
150,inactive,$856,premium,$292,Japan
151,inactive,$786,deluxe,$74,Greece
152,active,$793,premium,$113,Indonesia
153,inactive,$725,premium,$97,Russia
154,active,$707,deluxe,$213,Pakistan
155,inactive,$514,premium,$138,Dominican Republic
156,inactive,$807,basic,$189,Philippines
157,pending,$925,deluxe,$194,Brazil
158,pending,$811,premium,$89,United States
159,inactive,$589,basic,$290,Dominican Republic
160,pending,$542,basic,$117,Indonesia
161,pending,$632,deluxe,$103,Germany
162,inactive,$584,basic,$52,Gambia
163,active,$873,basic,$132,China
164,inactive,$632,basic,$178,Turkmenistan
165,active,$867,premium,$123,Brazil
166,inactive,$990,basic,$229,China
167,inactive,$881,deluxe,$275,Colombia
168,active,$717,deluxe,$143,Vietnam
169,active,$684,premium,$173,Russia
170,pending,$882,basic,$79,Sweden
171,active,$860,basic,$161,Czech Republic
172,active,$698,basic,$89,Russia
173,active,$896,premium,$277,Thailand
174,active,$980,basic,$60,Djibouti
175,pending,$503,basic,$176,Mexico
176,pending,$766,basic,$256,South Korea
177,active,$746,basic,$58,Japan
178,active,$515,basic,$300,Russia
179,pending,$896,premium,$67,Madagascar
180,inactive,$904,premium,$227,Portugal
181,active,$614,premium,$103,United States
182,pending,$622,premium,$144,Portugal
183,pending,$883,basic,$211,Norway
184,pending,$756,basic,$189,China
185,pending,$734,premium,$252,China
186,inactive,$836,premium,$61,Japan
187,inactive,$642,deluxe,$261,China
188,pending,$810,basic,$247,Russia
189,pending,$928,basic,$63,Colombia
190,pending,$674,premium,$151,Philippines
191,inactive,$972,premium,$68,Portugal
192,active,$567,deluxe,$188,Tajikistan
193,pending,$728,premium,$177,United States
194,pending,$915,premium,$272,Botswana
195,pending,$882,basic,$243,Argentina
196,active,$596,deluxe,$148,Kazakhstan
197,active,$994,deluxe,$64,Finland
198,inactive,$587,premium,$196,Indonesia
199,active,$890,premium,$132,Guatemala
200,inactive,$853,premium,$283,Uganda
201,pending,$652,premium,$153,France
202,pending,$764,premium,$146,Indonesia
203,inactive,$973,deluxe,$83,Ukraine
204,pending,$557,premium,$88,China
205,inactive,$887,basic,$145,Finland
206,inactive,$514,premium,$165,Iraq
207,inactive,$930,premium,$141,Iraq
208,pending,$622,premium,$162,Indonesia
209,inactive,$536,deluxe,$255,Nigeria
210,inactive,$772,premium,$59,Philippines
211,active,$545,deluxe,$199,China
212,inactive,$671,basic,$207,China
213,pending,$579,premium,$222,Kenya
214,pending,$903,deluxe,$300,Russia
215,inactive,$546,premium,$267,Uganda
216,pending,$628,basic,$185,Pakistan
217,pending,$540,basic,$138,Russia
218,active,$923,basic,$284,Portugal
219,pending,$599,deluxe,$205,China
220,active,$693,basic,$181,New Zealand
221,active,$857,basic,$208,Indonesia
222,inactive,$745,deluxe,$64,Nepal
223,active,$602,premium,$261,Indonesia
224,pending,$593,deluxe,$186,China
225,inactive,$692,premium,$275,China
226,active,$744,deluxe,$281,Albania
227,active,$584,premium,$185,Chile
228,inactive,$916,basic,$186,Peru
229,active,$673,deluxe,$275,Indonesia
230,pending,$965,basic,$72,Brazil
231,active,$678,deluxe,$135,Argentina
232,inactive,$922,deluxe,$115,Indonesia
233,active,$979,premium,$221,Philippines
234,active,$714,basic,$56,Chad
235,pending,$704,premium,$288,Belarus
236,active,$820,deluxe,$84,China
237,active,$602,deluxe,$167,China
238,active,$980,premium,$162,China
239,inactive,$965,premium,$162,Vietnam
240,active,$751,deluxe,$170,Czech Republic
241,active,$649,basic,$158,Uruguay
242,inactive,$921,premium,$95,Egypt
243,pending,$965,basic,$214,Costa Rica
244,active,$727,deluxe,$271,Tunisia
245,inactive,$999,premium,$105,Ukraine
246,inactive,$660,premium,$227,Pakistan
247,active,$618,deluxe,$187,Malaysia
248,inactive,$860,basic,$208,Peru
249,inactive,$501,basic,$68,China
250,pending,$798,basic,$177,Colombia
251,inactive,$735,basic,$90,Indonesia
252,active,$802,premium,$169,Serbia
253,active,$821,deluxe,$255,Mexico
254,pending,$808,basic,$186,Russia
255,inactive,$754,premium,$189,China
256,pending,$693,deluxe,$218,Ukraine
257,inactive,$557,deluxe,$136,Russia
258,inactive,$552,basic,$87,Uzbekistan
259,active,$866,basic,$110,Seychelles
260,active,$760,basic,$231,Indonesia
261,active,$622,deluxe,$103,United States
262,pending,$641,deluxe,$151,Canada
263,pending,$615,premium,$287,Indonesia
264,active,$615,basic,$79,United States
265,active,$947,deluxe,$228,Albania
266,inactive,$885,basic,$216,Russia
267,pending,$672,premium,$124,Indonesia
268,inactive,$879,deluxe,$300,Armenia
269,active,$983,deluxe,$61,Armenia
270,inactive,$804,basic,$87,Ukraine
271,pending,$993,basic,$285,China
272,active,$993,deluxe,$174,Russia
273,active,$729,basic,$207,Russia
274,active,$728,premium,$74,France
275,active,$814,basic,$191,Philippines
276,pending,$784,basic,$272,Japan
277,pending,$859,premium,$164,China
278,inactive,$935,premium,$135,Czech Republic
279,inactive,$735,deluxe,$252,Philippines
280,inactive,$960,premium,$195,Japan
281,pending,$925,deluxe,$292,Indonesia
282,active,$642,deluxe,$227,Uzbekistan
283,pending,$568,deluxe,$76,Portugal
284,inactive,$673,basic,$108,Laos
285,inactive,$983,premium,$177,Brazil
286,active,$863,deluxe,$188,Russia
287,inactive,$608,premium,$87,China
288,inactive,$696,deluxe,$197,Nigeria
289,pending,$658,deluxe,$186,Japan
290,inactive,$941,basic,$133,Panama
291,inactive,$646,basic,$165,Brazil
292,active,$948,basic,$150,Sweden
293,active,$513,deluxe,$140,Indonesia
294,active,$612,deluxe,$235,China
295,inactive,$637,basic,$273,Chad
296,active,$974,premium,$192,Uzbekistan
297,pending,$832,basic,$204,China
298,active,$592,deluxe,$181,Argentina
299,active,$880,deluxe,$118,Indonesia
300,inactive,$533,premium,$153,China
301,inactive,$595,deluxe,$257,China
302,pending,$735,premium,$57,Uzbekistan
303,inactive,$924,premium,$239,China
304,inactive,$964,basic,$243,Indonesia
305,pending,$605,basic,$148,Philippines
306,inactive,$767,premium,$257,France
307,pending,$634,basic,$226,Russia
308,active,$785,premium,$280,Ukraine
309,inactive,$798,deluxe,$169,Philippines
310,pending,$652,basic,$161,Japan
311,active,$720,premium,$78,Russia
312,pending,$737,basic,$123,Indonesia
313,pending,$815,premium,$279,Guatemala
314,pending,$611,premium,$219,Colombia
315,pending,$713,basic,$137,Philippines
316,inactive,$971,premium,$229,China
317,pending,$593,premium,$200,China
318,active,$807,basic,$275,Portugal
319,inactive,$919,premium,$269,Indonesia
320,inactive,$501,basic,$219,Tajikistan
321,active,$762,deluxe,$190,Brazil
322,inactive,$800,deluxe,$299,Luxembourg
323,inactive,$974,deluxe,$273,Nicaragua
324,active,$815,deluxe,$222,Portugal
325,inactive,$722,basic,$217,Ethiopia
326,pending,$653,premium,$244,Sweden
327,inactive,$550,premium,$248,United States
328,inactive,$789,premium,$110,China
329,pending,$775,deluxe,$81,Russia
330,inactive,$784,deluxe,$112,Colombia
331,pending,$897,basic,$263,Pakistan
332,active,$519,premium,$285,Indonesia
333,inactive,$977,premium,$130,Philippines
334,inactive,$781,deluxe,$59,Colombia
335,active,$827,deluxe,$81,Cyprus
336,active,$911,deluxe,$91,Russia
337,pending,$601,deluxe,$157,Indonesia
338,active,$971,deluxe,$77,China
339,pending,$834,basic,$199,China
340,inactive,$898,premium,$105,Greece
341,pending,$602,deluxe,$298,China
342,inactive,$526,deluxe,$297,China
343,inactive,$627,deluxe,$99,Brazil
344,active,$881,deluxe,$84,Estonia
345,active,$717,deluxe,$149,France
346,pending,$978,deluxe,$227,Portugal
347,pending,$644,basic,$113,Bosnia and Herzegovina
348,active,$518,deluxe,$143,Argentina
349,pending,$771,basic,$111,Russia
350,inactive,$715,premium,$50,Sweden
351,inactive,$803,deluxe,$245,Yemen
352,pending,$782,premium,$200,China
353,inactive,$923,premium,$76,Pakistan
354,pending,$883,basic,$76,Saudi Arabia
355,active,$627,basic,$168,Brazil
356,inactive,$771,basic,$282,Poland
357,pending,$761,deluxe,$226,Brazil
358,inactive,$591,basic,$160,China
359,pending,$591,deluxe,$140,Syria
360,pending,$598,basic,$59,Sweden
361,inactive,$662,deluxe,$237,Thailand
362,inactive,$768,basic,$268,Kenya
363,pending,$930,basic,$193,Russia
364,active,$771,premium,$179,Brazil
365,pending,$969,premium,$99,Morocco
366,pending,$832,basic,$203,United States
367,inactive,$905,basic,$144,China
368,active,$753,premium,$251,France
369,active,$809,premium,$128,Indonesia
370,pending,$943,premium,$282,China
371,active,$768,deluxe,$113,Gambia
372,active,$832,premium,$141,Dominican Republic
373,pending,$810,deluxe,$168,France
374,active,$817,deluxe,$274,Czech Republic
375,inactive,$500,premium,$233,Guatemala
376,pending,$810,premium,$287,Indonesia
377,pending,$811,basic,$107,United States
378,pending,$955,premium,$135,Indonesia
379,pending,$909,premium,$70,Spain
380,inactive,$973,premium,$150,Latvia
381,inactive,$797,premium,$290,China
382,inactive,$872,premium,$231,Poland
383,active,$750,premium,$194,Philippines
384,inactive,$845,basic,$298,Indonesia
385,pending,$845,premium,$290,Indonesia
386,pending,$846,deluxe,$246,China
387,active,$919,premium,$202,Japan
388,inactive,$950,basic,$136,China
389,inactive,$690,premium,$75,Ukraine
390,pending,$786,basic,$125,France
391,inactive,$687,basic,$218,China
392,pending,$846,deluxe,$129,Democratic Republic of the Congo
393,pending,$698,deluxe,$118,China
394,pending,$836,basic,$84,Mali
395,pending,$556,deluxe,$150,Russia
396,inactive,$532,deluxe,$180,Brazil
397,inactive,$707,premium,$224,China
398,inactive,$672,deluxe,$208,Egypt
399,inactive,$723,premium,$150,China
400,pending,$773,deluxe,$173,China
401,pending,$634,premium,$115,Indonesia
402,active,$510,deluxe,$161,Azerbaijan
403,inactive,$950,deluxe,$72,Pakistan
404,active,$754,premium,$158,Sweden
405,inactive,$924,deluxe,$63,Macedonia
406,active,$874,deluxe,$257,Bolivia
407,pending,$541,premium,$179,Dominican Republic
408,pending,$798,deluxe,$65,Mongolia
409,pending,$843,deluxe,$241,United States
410,active,$500,basic,$274,Comoros
411,pending,$912,deluxe,$222,China
412,pending,$552,deluxe,$300,Costa Rica
413,inactive,$717,basic,$286,Russia
414,pending,$965,deluxe,$291,Sweden
415,active,$838,premium,$299,Kenya
416,active,$814,premium,$254,Indonesia
417,active,$883,premium,$215,Vietnam
418,active,$686,deluxe,$243,China
419,active,$831,basic,$86,Indonesia
420,active,$598,deluxe,$238,American Samoa
421,pending,$651,premium,$242,France
422,inactive,$651,deluxe,$182,Argentina
423,pending,$587,deluxe,$275,Canada
424,pending,$980,basic,$290,South Africa
425,inactive,$694,premium,$279,Poland
426,active,$881,basic,$242,Indonesia
427,pending,$595,basic,$205,Indonesia
428,inactive,$656,premium,$88,Brazil
429,active,$802,premium,$201,Brazil
430,active,$666,premium,$295,Palestinian Territory
431,inactive,$826,deluxe,$66,Russia
432,active,$788,deluxe,$115,China
433,active,$690,deluxe,$273,China
434,active,$788,premium,$100,Russia
435,active,$638,basic,$51,United States
436,active,$684,premium,$278,Sweden
437,active,$876,deluxe,$296,Czech Republic
438,pending,$818,deluxe,$153,Peru
439,active,$808,deluxe,$107,Benin
440,pending,$886,deluxe,$155,China
441,active,$522,deluxe,$253,Philippines
442,pending,$605,deluxe,$185,Panama
443,pending,$654,premium,$280,Indonesia
444,pending,$878,premium,$141,China
445,active,$874,deluxe,$142,Argentina
446,inactive,$951,premium,$200,Finland
447,inactive,$643,basic,$223,Colombia
448,active,$529,premium,$206,China
449,inactive,$820,premium,$152,Greece
450,inactive,$848,deluxe,$247,Morocco
451,active,$834,deluxe,$136,Angola
452,active,$865,deluxe,$143,Bulgaria
453,active,$627,basic,$89,Indonesia
454,pending,$868,basic,$99,Mexico
455,inactive,$564,basic,$231,Venezuela
456,pending,$851,deluxe,$148,China
457,pending,$995,premium,$219,Indonesia
458,active,$890,premium,$147,China
459,pending,$788,deluxe,$94,China
460,pending,$737,deluxe,$278,Portugal
461,pending,$744,premium,$140,Peru
462,pending,$836,deluxe,$150,Indonesia
463,inactive,$689,premium,$134,Greece
464,active,$881,basic,$292,Iran
465,active,$790,premium,$242,Georgia
466,active,$573,deluxe,$76,Indonesia
467,pending,$807,premium,$121,Poland
468,active,$620,basic,$62,Brazil
469,inactive,$695,premium,$65,China
470,inactive,$937,basic,$169,United States
471,inactive,$927,basic,$271,Indonesia
472,active,$657,premium,$262,Haiti
473,active,$691,deluxe,$98,Albania
474,active,$886,basic,$221,Madagascar
475,inactive,$555,basic,$167,Finland
476,pending,$631,premium,$85,Canada
477,pending,$930,premium,$92,United States
478,active,$607,basic,$130,Argentina
479,inactive,$829,premium,$206,Sweden
480,pending,$512,basic,$106,Greece
481,active,$920,deluxe,$219,China
482,pending,$866,basic,$288,Albania
483,pending,$504,deluxe,$222,Canada
484,active,$648,premium,$258,Brazil
485,active,$699,basic,$67,Honduras
486,pending,$664,deluxe,$52,Cuba
487,active,$895,deluxe,$100,Cambodia
488,pending,$861,premium,$282,Peru
489,inactive,$785,basic,$125,Philippines
490,active,$738,basic,$117,Burkina Faso
491,inactive,$759,basic,$160,Philippines
492,inactive,$858,deluxe,$172,Serbia
493,inactive,$988,premium,$73,Ukraine
494,pending,$687,premium,$111,Indonesia
495,inactive,$553,premium,$88,China
496,pending,$578,premium,$271,South Africa
497,inactive,$786,basic,$199,Peru
498,active,$504,premium,$280,Czech Republic
499,active,$662,basic,$106,China
500,active,$927,basic,$155,Sweden
501,inactive,$649,deluxe,$221,United States
502,active,"$1,000",premium,$229,Pakistan
503,active,$711,premium,$213,China
504,inactive,$747,premium,$221,Indonesia
505,active,$671,basic,$288,Venezuela
506,pending,$832,basic,$67,Indonesia
507,active,$514,basic,$293,Macedonia
508,inactive,$795,deluxe,$266,China
509,active,$851,premium,$218,Ukraine
510,pending,$535,premium,$100,China
511,active,$694,premium,$120,Hungary
512,inactive,$770,basic,$293,France
513,pending,$801,deluxe,$298,Indonesia
514,pending,$826,basic,$110,Ukraine
515,pending,$677,premium,$58,Argentina
516,inactive,$804,premium,$248,Indonesia
517,pending,$680,premium,$249,France
518,pending,$510,deluxe,$114,China
519,pending,$617,basic,$59,Nigeria
520,pending,$927,premium,$126,China
521,inactive,$752,basic,$107,Venezuela
522,inactive,$537,basic,$205,China
523,inactive,$855,deluxe,$107,Hungary
524,active,$760,premium,$145,Azerbaijan
525,inactive,$579,premium,$108,Cameroon
526,active,$763,basic,$122,New Zealand
527,active,$944,deluxe,$289,Barbados
528,pending,$758,basic,$279,Thailand
529,inactive,$900,premium,$108,Indonesia
530,inactive,$771,basic,$70,Armenia
531,active,$599,premium,$206,Tunisia
532,active,$939,basic,$115,Ukraine
533,inactive,$558,premium,$234,China
534,pending,$732,deluxe,$95,China
535,pending,$674,basic,$273,Bulgaria
536,inactive,$547,deluxe,$101,Indonesia
537,active,$804,deluxe,$79,Indonesia
538,pending,$873,deluxe,$131,Colombia
539,inactive,$900,deluxe,$171,Colombia
540,pending,$748,premium,$138,Philippines
541,active,$993,basic,$196,China
542,pending,$564,basic,$223,Russia
543,pending,$894,premium,$229,Indonesia
544,pending,$738,premium,$237,Brazil
545,pending,$894,basic,$249,Russia
546,pending,$622,basic,$164,Cameroon
547,active,$960,premium,$201,Czech Republic
548,pending,$787,basic,$281,Portugal
549,active,$814,deluxe,$235,Kazakhstan
550,inactive,$932,premium,$78,Germany
551,inactive,$534,deluxe,$208,Indonesia
552,inactive,$779,basic,$53,Ukraine
553,inactive,$649,basic,$67,Norway
554,pending,$522,premium,$88,Brazil
555,active,$943,deluxe,$242,Vietnam
556,active,$814,basic,$64,Poland
557,active,$643,basic,$266,Croatia
558,inactive,$626,deluxe,$269,Argentina
559,pending,$892,deluxe,$77,Peru
560,pending,$663,basic,$291,Poland
561,inactive,$539,basic,$133,Jordan
562,pending,$671,premium,$261,Russia
563,active,$502,premium,$77,Australia
564,inactive,$568,deluxe,$158,China
565,active,$603,deluxe,$85,Portugal
566,pending,$584,basic,$68,Poland
567,active,$844,deluxe,$150,Czech Republic
568,inactive,$517,premium,$73,Venezuela
569,pending,$789,deluxe,$173,China
570,inactive,$966,premium,$89,Afghanistan
571,active,$742,premium,$165,Philippines
572,active,$650,basic,$256,Guam
573,inactive,$542,basic,$298,Peru
574,pending,$701,premium,$139,Myanmar
575,pending,$504,deluxe,$165,Peru
576,pending,$565,basic,$192,Costa Rica
577,inactive,$668,premium,$239,Ukraine
578,pending,$867,basic,$267,Honduras
579,active,$775,deluxe,$223,Portugal
580,inactive,$544,basic,$67,Comoros
581,pending,$727,basic,$242,Indonesia
582,active,$540,basic,$245,Ireland
583,pending,$736,deluxe,$118,Vietnam
584,active,$943,deluxe,$249,Indonesia
585,pending,$888,basic,$268,China
586,pending,$562,deluxe,$202,Sweden
587,active,$740,basic,$112,Venezuela
588,pending,$818,basic,$250,South Africa
589,inactive,$779,premium,$67,Brazil
590,active,$829,basic,$167,China
591,pending,$625,premium,$106,Indonesia
592,pending,$778,basic,$256,China
593,pending,$953,basic,$175,Japan
594,pending,$995,basic,$271,Malaysia
595,inactive,$794,basic,$152,Peru
596,active,$839,basic,$105,Colombia
597,pending,$878,premium,$267,Portugal
598,inactive,$983,basic,$73,Jamaica
599,inactive,$979,basic,$187,Poland
600,inactive,$558,basic,$177,Philippines