customer_id,hometown,gender,date,vacation_package_type,package_options,tickets_sold
1,Otavalo,Female,9/12/2022,beach,5500k,147
2,Perístasi,Female,3/26/2022,adventure,5500k,896
3,Ban Phaeo,Genderfluid,1/15/2022,adventure,1800k,523
4,Croix,Female,2/26/2022,luxury,3300k,328
5,Szubin,Genderfluid,1/11/2022,beach,1800k,79
6,Huanxi,Male,6/10/2022,adventure,5500k,842
7,Yishi,Female,10/2/2022,adventure,5500k,517
8,Gashua,Female,9/14/2022,adventure,1800k,598
9,Dayanggezhuang,Male,7/10/2022,luxury,3300k,508
10,Himeville,Female,10/11/2022,beach,1800k,641
11,Dongfeng,Female,10/26/2022,adventure,3300k,319
12,Bulalacao,Female,11/30/2022,adventure,1800k,616
13,Offa,Female,10/15/2022,beach,1800k,559
14,Sumberkemuning,Female,3/29/2022,adventure,1800k,792
15,Otutara,Female,11/5/2022,beach,3300k,898
16,Silongin,Female,7/31/2022,adventure,1800k,931
17,Jaroměřice,Female,6/29/2022,adventure,5500k,326
18,Yu’erhong,Female,5/21/2022,adventure,3300k,389
19,Xingxi,Male,3/5/2022,luxury,5500k,46
20,Lodan Wetan,Female,4/12/2022,adventure,5500k,838
21,Jackson,Male,7/20/2022,beach,1800k,728
22,‘Awaj,Female,1/17/2022,adventure,1800k,809
23,Timpas,Female,5/2/2022,luxury,3300k,963
24,Kuala Lumpur,Male,4/30/2022,adventure,5500k,562
25,Tsiroanomandidy,Male,3/9/2022,adventure,5500k,572
26,Neofbaun,Female,2/13/2022,beach,3300k,18
27,Yayao,Female,12/19/2022,luxury,5500k,63
28,Yangchengzhuang,Male,9/28/2022,adventure,1800k,987
29,Jiangtian,Genderfluid,2/10/2022,adventure,3300k,489
30,Presnenskiy,Female,7/16/2022,beach,3300k,586
31,Karaundi,Male,12/24/2022,adventure,3300k,845
32,Issenye,Agender,2/14/2022,luxury,1800k,477
33,Jubb Ramlah,Male,8/22/2022,adventure,3300k,914
34,Zhonghuopu,Female,11/11/2022,luxury,5500k,266
35,Fort Wayne,Female,12/26/2022,beach,3300k,886
36,Novaya Igirma,Male,8/12/2022,beach,5500k,643
37,Simpang,Female,4/30/2022,luxury,5500k,595
38,Okpo,Female,12/27/2022,beach,5500k,848
39,Gori,Female,9/20/2022,adventure,1800k,945
40,Bogorejo,Male,5/27/2022,luxury,1800k,33
41,Vancouver,Male,5/16/2022,beach,5500k,469
42,Sinamar,Female,10/17/2022,adventure,5500k,524
43,Qingsong,Male,12/12/2022,adventure,3300k,913
44,Guanay,Male,4/16/2022,beach,3300k,441
45,Bhopālwāla,Female,10/1/2022,beach,5500k,399
46,Xihongmen,Female,7/29/2022,adventure,5500k,631
47,Kabul,Female,11/23/2022,beach,3300k,177
48,Kedungwaru,Female,7/12/2022,adventure,1800k,334
49,Larochette,Male,5/19/2022,luxury,1800k,955
50,Xingang,Male,7/6/2022,adventure,3300k,490
51,Nowy Tomyśl,Male,3/19/2022,beach,5500k,594
52,Frampol,Male,3/3/2022,beach,1800k,358
53,Baojia,Male,1/24/2022,adventure,3300k,984
54,Aygezard,Female,12/30/2022,adventure,5500k,239
55,Yamen,Female,6/23/2022,adventure,1800k,884
56,Jieshou,Male,11/21/2022,adventure,3300k,395
57,Valdemarsvik,Male,7/13/2022,luxury,5500k,539
58,Xinglong,Genderfluid,7/18/2022,beach,3300k,876
59,Xia Dawo,Male,1/12/2022,adventure,1800k,830
60,Jijiga,Female,5/15/2022,beach,5500k,143
61,Cafayate,Female,5/21/2022,adventure,5500k,92
62,Pangani,Female,3/25/2022,beach,3300k,948
63,Buriti Bravo,Male,4/29/2022,luxury,3300k,666
64,Vratsa,Male,5/23/2022,beach,3300k,999
65,Suvorovo,Agender,8/29/2022,adventure,3300k,820
66,Wangjing,Female,2/7/2022,beach,5500k,355
67,Nuwaybi‘a,Male,12/10/2022,luxury,5500k,479
68,Oslo,Female,5/1/2022,adventure,1800k,566
69,Daixi,Male,9/25/2022,beach,1800k,477
70,Xinjie,Female,6/20/2022,beach,1800k,845
71,Rakek,Female,7/17/2022,adventure,5500k,617
72,Sovetskaya,Female,5/16/2022,beach,1800k,75
73,Lipka,Female,3/16/2022,luxury,5500k,999
74,Ożarowice,Female,7/9/2022,beach,5500k,535
75,Zhenjiang,Female,11/11/2022,adventure,3300k,944
76,Zürich,Male,6/22/2022,beach,5500k,252
77,Zhangduangu,Male,7/27/2022,adventure,3300k,616
78,Oberá,Female,9/14/2022,beach,3300k,401
79,Portobelo,Male,4/14/2022,adventure,3300k,129
80,Tashanta,Male,2/28/2022,adventure,1800k,807
81,Rrapë,Female,7/7/2022,adventure,3300k,570
82,Kedungwungu,Female,4/12/2022,beach,1800k,983
83,Embu Guaçu,Male,9/29/2022,luxury,5500k,631
84,Sanchahe,Non-binary,5/12/2022,luxury,5500k,754
85,Chiţcani,Male,5/11/2022,beach,5500k,926
86,Şafāshahr,Female,11/6/2022,luxury,5500k,264
87,Ostroměř,Female,3/17/2022,luxury,5500k,288
88,Mas‘adah,Female,4/19/2022,beach,1800k,175
89,Raposos,Male,12/27/2022,adventure,5500k,598
90,Dobroměřice,Male,8/24/2022,beach,5500k,271
91,Wuyun,Male,7/12/2022,beach,3300k,988
92,Madrid,Male,6/26/2022,adventure,1800k,553
93,Sandakan,Male,1/19/2022,luxury,1800k,846
94,Barra do Corda,Non-binary,1/26/2022,adventure,5500k,302
95,Gungguh,Female,8/7/2022,luxury,1800k,323
96,Stanley,Bigender,8/8/2022,adventure,1800k,543
97,Santo Tomás,Male,5/18/2022,beach,5500k,925
98,El Crucero,Male,3/15/2022,beach,1800k,634
99,Jieshou,Male,2/26/2022,beach,3300k,176
100,Erandique,Female,12/21/2022,adventure,5500k,651
101,Sollefteå,Female,10/2/2022,beach,1800k,486
102,Jiyang,Male,7/18/2022,adventure,3300k,63
103,Shuanglong,Polygender,2/27/2022,beach,1800k,858
104,Newton,Female,5/30/2022,adventure,1800k,386
105,Vyaz’ma,Female,12/16/2022,luxury,1800k,742
106,Da’an,Male,1/31/2022,adventure,5500k,527
107,Taypano,Female,12/29/2022,adventure,1800k,258
108,Teluksantong,Female,3/13/2022,adventure,5500k,646
109,Nong Chik,Female,3/23/2022,adventure,5500k,648
110,Ayaviri,Male,3/26/2022,beach,5500k,17
111,Chenghe,Male,8/13/2022,beach,5500k,575
112,Villanueva,Male,10/8/2022,adventure,1800k,481
113,Cantuk Kidul,Genderfluid,10/20/2022,luxury,3300k,441
114,Tombatu,Male,12/10/2022,adventure,1800k,995
115,Cabo Frio,Female,11/11/2022,adventure,5500k,367
116,Penanggapan,Male,10/1/2022,luxury,1800k,240
117,les Escaldes,Female,9/19/2022,adventure,5500k,158
118,Bilicenii Vechi,Genderfluid,6/27/2022,adventure,3300k,818
119,São José de Ribamar,Genderqueer,2/13/2022,adventure,3300k,208
120,Rennes,Male,5/14/2022,adventure,5500k,872
121,Longlisuo,Female,6/30/2022,adventure,5500k,92
122,Shibi,Genderqueer,12/19/2022,adventure,1800k,903
123,Santa Catalina,Female,6/11/2022,luxury,5500k,602
124,Zonghan,Male,8/8/2022,adventure,3300k,192
125,Miryang,Male,1/6/2022,adventure,3300k,107
126,Yōkaichiba,Male,10/6/2022,beach,1800k,50
127,Horní Bečva,Genderqueer,12/27/2022,beach,3300k,315
128,Soras,Polygender,1/30/2022,luxury,5500k,683
129,Shizuoka-shi,Male,12/19/2022,adventure,1800k,973
130,Caticugan,Agender,8/1/2022,adventure,3300k,754
131,Mölndal,Genderfluid,7/12/2022,adventure,1800k,263
132,San Marcos,Male,8/5/2022,adventure,1800k,247
133,Rizokárpaso,Male,4/30/2022,beach,5500k,350
134,Pangrumasan,Female,6/4/2022,beach,1800k,106
135,Bafia,Female,1/6/2022,adventure,5500k,168
136,Pittsburgh,Male,5/3/2022,luxury,1800k,449
137,Magdalena,Male,6/17/2022,adventure,3300k,588
138,Qiaosi,Male,1/4/2022,beach,3300k,371
139,Nangakeo,Male,11/23/2022,luxury,1800k,513
140,Ranilug,Polygender,2/15/2022,beach,5500k,829
141,Porto Alto,Male,1/19/2022,adventure,1800k,236
142,Hữu Lũng,Non-binary,3/25/2022,luxury,3300k,298
143,Xiahan,Bigender,1/6/2022,adventure,5500k,851
144,Eystur,Male,9/17/2022,adventure,5500k,660
145,Tiout,Female,4/18/2022,adventure,1800k,840
146,Sukadana,Female,1/1/2022,beach,1800k,136
147,Nanjie,Female,7/29/2022,adventure,3300k,173
148,Nezhinka,Female,7/3/2022,beach,3300k,982
149,Araguaína,Female,7/26/2022,adventure,1800k,544
150,Leye,Female,6/14/2022,beach,3300k,205
151,Zhelin,Genderqueer,9/11/2022,luxury,1800k,479
152,Gózd,Male,5/19/2022,luxury,3300k,848
153,Moravský Písek,Male,8/25/2022,adventure,1800k,781
154,Tha Mai,Female,6/1/2022,beach,1800k,535
155,Pangkalan Kasai,Male,5/24/2022,beach,5500k,583
156,Qingshan,Female,2/11/2022,beach,3300k,666
157,Toledo,Non-binary,12/23/2022,beach,1800k,758
158,Le Grand-Quevilly,Male,7/28/2022,adventure,5500k,25
159,Hanggan,Female,1/21/2022,luxury,3300k,495
160,Figueira,Female,5/12/2022,luxury,3300k,429
161,Río Gallegos,Female,12/10/2022,adventure,5500k,78
162,Vrdy,Male,12/23/2022,luxury,1800k,838
163,Opochka,Agender,12/14/2022,luxury,3300k,276
164,Vermil,Female,11/13/2022,luxury,1800k,669
165,Bun Barat,Male,6/7/2022,adventure,1800k,484
166,Zhaizigou,Female,5/20/2022,beach,1800k,916
167,Oula Xiuma,Female,11/27/2022,adventure,5500k,990
168,Taza,Male,1/5/2022,adventure,3300k,534
169,Pôsto Fiscal Rolim de Moura,Female,3/22/2022,luxury,3300k,924
170,Maştağa,Female,7/12/2022,adventure,3300k,681
171,Nanhe,Male,1/1/2022,luxury,1800k,555
172,Älvdalen,Female,1/29/2022,luxury,5500k,406
173,Zhoushan,Female,5/24/2022,luxury,1800k,799
174,Biqiao,Male,12/14/2022,luxury,3300k,419
175,Yelenendorf,Female,3/27/2022,luxury,1800k,722
176,Pyhäjoki,Female,3/10/2022,beach,5500k,269
177,Gaoyi,Female,1/31/2022,beach,5500k,513
178,Baiquesi,Male,8/24/2022,luxury,1800k,449
179,Karengan,Male,1/9/2022,adventure,1800k,151
180,Lyuban’,Male,3/1/2022,adventure,5500k,447
181,Alicante/Alacant,Male,1/22/2022,beach,1800k,849
182,Klapagada,Female,9/19/2022,beach,5500k,122
183,Serra D'El Rei,Female,4/5/2022,adventure,3300k,54
184,Dindima,Female,11/22/2022,luxury,1800k,757
185,Gigant,Female,1/11/2022,adventure,3300k,927
186,Colombia,Male,8/28/2022,luxury,1800k,533
187,Ash Shaddādah,Female,9/11/2022,luxury,3300k,494
188,Šoštanj,Female,5/11/2022,beach,3300k,608
189,Dongmafang,Male,10/21/2022,luxury,5500k,11
190,Wenjī,Male,11/8/2022,luxury,3300k,249
191,Resende,Male,5/25/2022,beach,3300k,139
192,Cova Figueira,Male,5/10/2022,luxury,3300k,372
193,Babug,Non-binary,7/13/2022,luxury,5500k,3
194,Hoxtolgay,Male,8/4/2022,adventure,1800k,612
195,Qarchī Gak,Male,12/19/2022,beach,3300k,829
196,Lyon,Male,1/5/2022,luxury,3300k,639
197,Taoyuan,Male,1/7/2022,luxury,3300k,701
198,Zhongshan,Male,12/17/2022,luxury,5500k,736
199,Bafilo,Male,6/29/2022,adventure,3300k,917
200,Yaypan,Female,6/21/2022,adventure,3300k,821
201,Anju,Female,8/9/2022,beach,1800k,681
202,Keleng,Male,4/13/2022,adventure,1800k,554
203,Ząbkowice Śląskie,Female,2/1/2022,beach,3300k,173
204,Waitakere,Male,7/27/2022,adventure,5500k,913
205,Huangshanguan,Male,8/4/2022,luxury,3300k,770
206,Severobaykal’sk,Female,2/10/2022,beach,1800k,638
207,Cox’s Bāzār,Female,7/19/2022,luxury,3300k,686
208,Krajan Dua Putukrejo,Female,1/17/2022,luxury,1800k,6
209,Taiyang,Female,11/29/2022,adventure,1800k,474
210,Potęgowo,Male,3/30/2022,beach,5500k,906
211,Jiuxian,Polygender,9/12/2022,adventure,3300k,502
212,Popovi,Female,11/19/2022,beach,3300k,664
213,Suibara,Female,2/28/2022,adventure,3300k,66
214,Gondar,Female,3/27/2022,adventure,1800k,59
215,María la Baja,Male,5/4/2022,luxury,5500k,330
216,Niort,Male,7/11/2022,beach,3300k,743
217,Andramasina,Female,12/7/2022,adventure,1800k,144
218,Danxi,Male,12/12/2022,luxury,5500k,718
219,Santol,Female,3/10/2022,adventure,5500k,603
220,Luhačovice,Female,1/9/2022,beach,1800k,730
221,Villejuif,Male,9/3/2022,beach,5500k,594
222,Palagao Norte,Female,1/29/2022,luxury,3300k,153
223,Arvika,Genderfluid,1/25/2022,beach,1800k,590
224,Sonsorol Village,Female,5/19/2022,beach,1800k,990
225,Pondohan,Male,3/22/2022,adventure,1800k,298
226,Jialu,Female,3/27/2022,luxury,5500k,170
227,Brodósqui,Female,5/29/2022,adventure,1800k,553
228,Ladysmith,Female,2/17/2022,adventure,3300k,680
229,Ad Dīs ash Sharqīyah,Non-binary,4/27/2022,adventure,5500k,39
230,Molsheim,Female,8/27/2022,luxury,5500k,899
231,Odiongan,Male,1/20/2022,luxury,3300k,559
232,Sigavé,Male,11/19/2022,luxury,3300k,844
233,Danxi,Female,8/31/2022,luxury,5500k,849
234,Agarsin,Female,7/30/2022,luxury,1800k,187
235,Karlskrona,Agender,7/25/2022,beach,3300k,952
236,Chicama,Female,4/12/2022,luxury,5500k,641
237,Xianxi,Female,12/20/2022,adventure,1800k,867
238,Ljungby,Female,3/17/2022,adventure,5500k,961
239,Burujul,Bigender,2/24/2022,luxury,5500k,850
240,Sokyryany,Male,11/29/2022,beach,5500k,490
241,Redcliff,Male,4/23/2022,luxury,1800k,875
242,Huancheng,Genderfluid,9/11/2022,luxury,5500k,896
243,Luodian,Male,7/21/2022,beach,3300k,793
244,Nong Don,Genderfluid,8/14/2022,adventure,3300k,378
245,Varva,Male,1/26/2022,beach,1800k,367
246,Doljo,Female,12/27/2022,luxury,3300k,840
247,Weifang,Male,11/10/2022,luxury,1800k,888
248,Trajouce,Female,4/14/2022,beach,5500k,312
249,Velas,Male,11/25/2022,beach,1800k,286
250,Brunssum,Non-binary,3/7/2022,adventure,3300k,149
251,Iksan,Male,5/30/2022,luxury,5500k,916
252,Fengtang,Male,8/29/2022,beach,3300k,648
253,Monte de Fralães,Female,12/11/2022,luxury,3300k,292
254,Sakchu-ŭp,Female,5/27/2022,luxury,3300k,182
255,Sicamous,Male,4/17/2022,beach,5500k,581
256,Santa Lucía,Male,6/20/2022,luxury,1800k,789
257,Karakabak,Male,5/31/2022,adventure,3300k,414
258,Kuniran,Male,7/3/2022,adventure,1800k,765
259,Szydłowo,Male,7/16/2022,luxury,1800k,758
260,Siennica Różana,Male,3/23/2022,adventure,3300k,497
261,Besko,Female,1/12/2022,adventure,1800k,979
262,Le Cannet,Male,8/10/2022,luxury,5500k,953
263,Magog,Male,10/4/2022,luxury,3300k,13
264,Purral,Male,1/17/2022,luxury,1800k,230
265,Larache,Genderqueer,5/28/2022,beach,3300k,796
266,Maria Aurora,Female,4/8/2022,luxury,1800k,276
267,Orekhovo-Borisovo,Female,11/5/2022,adventure,5500k,352
268,Narawayong,Male,7/16/2022,adventure,5500k,685
269,Açu,Genderfluid,10/23/2022,adventure,1800k,848
270,Tubod,Female,7/11/2022,luxury,5500k,823
271,Querobamba,Polygender,2/16/2022,adventure,3300k,0
272,Muricay,Male,12/5/2022,luxury,1800k,511
273,Trstenik,Female,5/14/2022,luxury,3300k,327
274,Bichena,Male,10/22/2022,beach,1800k,197
275,Nakhon Sawan,Male,12/16/2022,luxury,3300k,569
276,Martapura,Female,8/15/2022,adventure,5500k,281
277,Virginia,Male,12/20/2022,luxury,5500k,24
278,Narva,Female,3/8/2022,adventure,3300k,592
279,Cagwait,Male,12/13/2022,beach,5500k,242
280,Liandu,Female,2/20/2022,luxury,1800k,850
281,‘Anātā,Male,11/7/2022,luxury,5500k,899
282,La Maná,Female,7/10/2022,luxury,1800k,564
283,Henglin,Female,10/10/2022,luxury,5500k,999
284,Mazyr,Female,1/30/2022,beach,5500k,462
285,Cherëmushki,Male,9/16/2022,beach,3300k,175
286,Hausjärvi,Male,1/27/2022,adventure,3300k,34
287,El Hamma,Male,7/28/2022,luxury,1800k,923
288,Undurkhaan,Female,8/2/2022,beach,5500k,252
289,Minian,Male,1/30/2022,beach,3300k,24
290,Dolní Čermná,Male,8/17/2022,luxury,1800k,599
291,Areeiro,Male,2/11/2022,luxury,1800k,503
292,Radocza,Male,2/8/2022,adventure,3300k,135
293,Vychegodskiy,Male,10/9/2022,luxury,5500k,181
294,Keffin Hausa,Female,2/1/2022,adventure,5500k,28
295,Mosteiro,Female,8/17/2022,luxury,3300k,299
296,Jianqiao,Male,7/11/2022,beach,3300k,602
297,Dankama,Male,7/18/2022,luxury,5500k,335
298,Bergen,Female,4/25/2022,adventure,3300k,993
299,Yoiqag,Male,10/21/2022,beach,1800k,355
300,Zaklików,Non-binary,3/25/2022,beach,1800k,339
301,Huangmu,Male,2/22/2022,luxury,3300k,447
302,Mueang Suang,Female,11/11/2022,beach,3300k,816
303,Salgar,Female,10/19/2022,adventure,3300k,329
304,Goussainville,Male,8/21/2022,luxury,1800k,200
305,Nagrog Wetan,Male,5/2/2022,adventure,5500k,848
306,Vlissingen,Female,1/10/2022,luxury,3300k,68
307,Kladruby,Male,4/25/2022,beach,5500k,121
308,Neẖalim,Female,9/13/2022,adventure,5500k,218
309,Kibiya,Female,4/30/2022,beach,5500k,714
310,Laojunpo,Male,11/28/2022,luxury,3300k,315
311,Zilupe,Female,5/14/2022,adventure,5500k,930
312,Sigavé,Female,1/31/2022,luxury,1800k,770
313,Walichnowy,Male,1/23/2022,adventure,5500k,662
314,Opuzen,Female,7/27/2022,luxury,1800k,771
315,São Mateus do Sul,Female,2/6/2022,beach,1800k,880
316,Amphawa,Female,5/24/2022,luxury,5500k,786
317,Zürich,Male,1/6/2022,beach,3300k,550
318,San Miguel,Female,6/30/2022,luxury,1800k,189
319,Bakıxanov,Male,4/21/2022,adventure,5500k,680
320,Alubijid,Female,4/29/2022,beach,3300k,978
321,Huangben,Male,9/8/2022,adventure,5500k,465
322,Liucheng,Female,4/11/2022,beach,3300k,432
323,Mamara,Male,8/31/2022,luxury,5500k,505
324,Bratislava,Genderfluid,5/29/2022,beach,1800k,207
325,Pitumarca,Female,10/7/2022,luxury,3300k,75
326,Demak,Female,12/6/2022,adventure,5500k,898
327,Saryözek,Male,6/19/2022,luxury,5500k,912
328,Mersam,Female,10/15/2022,luxury,1800k,512
329,Buriwutung,Female,2/6/2022,beach,1800k,93
330,Loutráki,Male,6/2/2022,luxury,3300k,194
331,Bachowice,Male,3/4/2022,adventure,1800k,527
332,Pucheng,Female,1/29/2022,adventure,5500k,736
333,San Carlos,Male,8/25/2022,luxury,3300k,871
334,Järfälla,Male,5/17/2022,adventure,1800k,487
335,Svetlyy,Female,5/25/2022,luxury,1800k,966
336,Huanfeng,Male,7/22/2022,adventure,1800k,82
337,Kuanping,Female,1/7/2022,adventure,5500k,179
338,Mishan,Male,9/2/2022,adventure,3300k,471
339,Aţ Ţafīlah,Male,8/22/2022,luxury,5500k,618
340,Tungdor,Male,6/18/2022,beach,5500k,869
341,Las Matas de Santa Cruz,Male,11/17/2022,adventure,5500k,187
342,Laspezia,Male,3/5/2022,adventure,3300k,659
343,Gaofeng,Male,4/30/2022,beach,1800k,803
344,Longhua,Female,5/9/2022,luxury,5500k,224
345,Apucarana,Bigender,12/15/2022,luxury,3300k,241
346,Jokkmokk,Female,3/3/2022,adventure,3300k,508
347,Kallífytos,Male,7/3/2022,beach,3300k,178
348,Estefania,Female,1/29/2022,beach,3300k,808
349,Ualog,Male,3/10/2022,luxury,5500k,297
350,Miaoquan,Male,11/7/2022,adventure,5500k,703
351,Ekerö,Male,3/6/2022,luxury,1800k,954
352,Lutowiska,Female,7/18/2022,luxury,3300k,84
353,Söderhamn,Male,4/25/2022,adventure,1800k,874
354,Boston,Male,6/5/2022,adventure,5500k,532
355,Shengci,Male,7/17/2022,adventure,5500k,707
356,Botevgrad,Male,2/9/2022,luxury,5500k,898
357,Milicz,Male,9/3/2022,luxury,1800k,333
358,Cabuyaro,Male,6/16/2022,adventure,5500k,604
359,Sidem,Male,8/31/2022,adventure,3300k,220
360,Zhoujiadian,Male,7/28/2022,luxury,3300k,102
361,Yefimovskiy,Female,7/20/2022,luxury,1800k,956
362,Qiaotou,Male,12/7/2022,beach,1800k,681
363,Ust-Kamenogorsk,Female,7/21/2022,beach,5500k,365
364,Zhexiao,Female,9/26/2022,adventure,3300k,351
365,Ust’-Ulagan,Female,9/9/2022,beach,1800k,878
366,Shangsha,Male,12/4/2022,beach,5500k,16
367,Alae,Male,8/30/2022,luxury,5500k,681
368,Shangtang,Female,1/14/2022,luxury,5500k,30
369,Ḩarastā,Male,10/23/2022,luxury,3300k,554
370,Tanahmerah,Male,7/6/2022,beach,3300k,414
371,Jetis,Male,2/24/2022,adventure,3300k,994
372,Yushan,Female,4/2/2022,luxury,5500k,878
373,Tetandara,Male,9/1/2022,luxury,3300k,548
374,Pohang,Genderfluid,6/8/2022,luxury,5500k,491
375,Rio Preto da Eva,Female,10/27/2022,adventure,1800k,193
376,Guyam Malaki,Female,4/19/2022,beach,1800k,714
377,Vlycháda,Female,7/4/2022,adventure,3300k,253
378,Gubskaya,Female,11/13/2022,adventure,5500k,261
379,Xianghu,Female,8/14/2022,adventure,5500k,349
380,Nkove,Male,10/22/2022,adventure,5500k,932
381,Skanör,Female,8/10/2022,luxury,3300k,312
382,Termas de Río Hondo,Female,1/4/2022,luxury,5500k,785
383,Gonghe,Non-binary,7/6/2022,luxury,5500k,927
384,Dinahican,Female,10/10/2022,beach,1800k,523
385,Miass,Female,8/27/2022,beach,5500k,309
386,Sishiba,Male,10/15/2022,beach,1800k,79
387,Józefosław,Male,5/9/2022,beach,5500k,313
388,Oued Zem,Male,1/26/2022,luxury,3300k,458
389,Talalora,Female,3/14/2022,beach,3300k,237
390,Bourges,Male,11/18/2022,adventure,1800k,6
391,Nizhniye Achaluki,Female,12/25/2022,adventure,3300k,266
392,Xiangfu,Female,2/19/2022,adventure,3300k,243
393,Kumberg,Male,8/6/2022,luxury,1800k,107
394,Barra do Bugres,Male,8/22/2022,luxury,5500k,934
395,Dzhankoy,Female,2/25/2022,luxury,5500k,447
396,Adassil,Male,12/26/2022,luxury,5500k,760
397,Gaopi,Female,2/5/2022,luxury,1800k,790
398,Asprángeloi,Male,12/2/2022,adventure,3300k,605
399,Sosnówka,Female,8/15/2022,luxury,3300k,687
400,Kłomnice,Female,8/31/2022,beach,5500k,607
401,Santo Domingo Este,Female,10/21/2022,adventure,1800k,197
402,Amadeo,Agender,8/28/2022,beach,3300k,273
403,Noisy-le-Grand,Male,6/5/2022,luxury,5500k,947
404,Semīrom,Female,3/8/2022,luxury,5500k,649
405,Amurzet,Female,4/16/2022,beach,5500k,302
406,Haixing,Female,1/10/2022,beach,5500k,135
407,Atyrau,Genderqueer,2/11/2022,beach,5500k,597
408,Nordeste,Female,1/14/2022,adventure,3300k,585
409,Callao,Female,11/15/2022,adventure,3300k,91
410,Anton,Female,12/14/2022,adventure,5500k,310
411,Stěbořice,Female,10/29/2022,adventure,1800k,890
412,Janakkala,Male,12/27/2022,beach,1800k,838
413,Sedkyrkeshch,Female,7/14/2022,luxury,5500k,193
414,Atibaia,Female,6/26/2022,beach,1800k,860
415,Santana do Ipanema,Female,6/6/2022,luxury,3300k,126
416,Sambir,Male,8/25/2022,beach,3300k,404
417,Caohezhang,Female,7/15/2022,luxury,5500k,833
418,Kebonbencoy,Male,3/3/2022,beach,3300k,77
419,Jose Maria Morelos,Male,9/21/2022,adventure,1800k,624
420,Saitama,Female,6/15/2022,adventure,5500k,702
421,Okhotsk,Female,4/23/2022,adventure,3300k,795
422,Maoshan,Male,4/11/2022,beach,1800k,44
423,Kopen,Male,3/26/2022,beach,1800k,807
424,Sekampung,Female,10/9/2022,beach,5500k,923
425,Włocławek,Male,3/30/2022,beach,5500k,14
426,Daxinshao,Female,8/13/2022,luxury,5500k,484
427,Orsay,Genderfluid,9/29/2022,adventure,1800k,136
428,Izingolweni,Male,4/12/2022,luxury,1800k,278
429,Huazhu,Female,1/9/2022,beach,1800k,42
430,Ungca,Female,9/19/2022,adventure,1800k,812
431,Al ‘Awjā,Female,8/28/2022,adventure,3300k,653
432,Gorki Vtoryye,Female,9/21/2022,adventure,1800k,973
433,Tinogasta,Male,3/7/2022,beach,3300k,44
434,Nanfeng,Female,11/20/2022,luxury,1800k,277
435,El’brus,Female,10/6/2022,adventure,5500k,341
436,Libofshë,Male,11/22/2022,beach,1800k,742
437,Lukou,Male,1/23/2022,adventure,1800k,326
438,Lianhua,Female,10/10/2022,adventure,5500k,543
439,El Viejo,Male,3/10/2022,luxury,5500k,386
440,Floresta,Male,8/4/2022,beach,5500k,218
441,Malinaw,Male,7/19/2022,adventure,3300k,144
442,Al Khamīs,Genderqueer,7/28/2022,beach,5500k,418
443,Paoua,Male,8/27/2022,beach,5500k,848
444,Buniaga,Female,2/16/2022,adventure,1800k,934
445,Tangalla,Female,3/12/2022,luxury,3300k,4
446,Bagou,Female,1/1/2022,beach,1800k,20
447,Tamarindo,Female,11/28/2022,adventure,5500k,365
448,Xiaoshiqiao,Male,5/20/2022,luxury,3300k,22
449,Quva,Male,2/21/2022,luxury,5500k,970
450,Wilamowice,Male,2/6/2022,luxury,5500k,531
451,Weichanglu,Male,4/26/2022,adventure,5500k,897
452,Piedra Blanca,Female,6/13/2022,adventure,5500k,385
453,Sacramento,Male,5/26/2022,adventure,1800k,935
454,Margos,Male,7/31/2022,luxury,3300k,596
455,Tanumshede,Male,11/20/2022,beach,3300k,714
456,Benito Juarez,Female,9/6/2022,luxury,5500k,24
457,Beja,Male,2/10/2022,adventure,3300k,853
458,Akaki,Female,1/31/2022,luxury,3300k,824
459,Dajasongai,Female,2/21/2022,beach,5500k,764
460,Ordóñez,Female,11/4/2022,beach,5500k,115
461,Watulimo,Female,6/21/2022,luxury,1800k,931
462,Tsagaannuur,Female,1/24/2022,luxury,1800k,238
463,Pereval'noe,Female,2/27/2022,adventure,5500k,574
464,Tiebukenwusan,Male,11/25/2022,luxury,1800k,991
465,Jamaica,Female,5/5/2022,adventure,5500k,285
466,Cibuah,Male,11/25/2022,beach,3300k,479
467,Béziers,Female,1/27/2022,luxury,1800k,717
468,Phetchaburi,Male,10/20/2022,luxury,1800k,300
469,Boketu,Male,12/14/2022,luxury,3300k,149
470,Ar Rumaythīyah,Bigender,12/15/2022,adventure,1800k,277
471,Shihuang,Polygender,6/28/2022,adventure,5500k,582
472,Podkumskiy,Female,8/17/2022,beach,5500k,155
473,Karadaglije,Female,11/29/2022,luxury,5500k,916
474,Portarlington,Female,2/9/2022,adventure,3300k,155
475,Lidong,Male,7/16/2022,luxury,5500k,48
476,Tikhvin,Male,2/14/2022,adventure,3300k,91
477,Aldeia,Bigender,1/13/2022,adventure,3300k,56
478,Ḩabūr,Male,2/15/2022,beach,5500k,804
479,Kokkári,Male,10/3/2022,luxury,3300k,616
480,Utarapasar,Genderqueer,4/2/2022,luxury,1800k,794
481,El Matama,Male,7/8/2022,luxury,1800k,206
482,Jabal os Saraj,Male,11/19/2022,beach,5500k,854
483,Rio de Moinhos,Female,6/29/2022,beach,1800k,33
484,Студеничани,Genderqueer,11/7/2022,beach,3300k,113
485,Paris 08,Female,10/27/2022,adventure,5500k,946
486,Woshui,Female,5/13/2022,beach,3300k,99
487,Jianlong,Female,2/27/2022,beach,5500k,980
488,Łętownia,Male,9/18/2022,beach,1800k,672
489,Asempapak,Female,8/29/2022,luxury,3300k,156
490,Fort-de-France,Male,9/3/2022,beach,5500k,388
491,Vuhlehirs’k,Male,11/13/2022,beach,5500k,757
492,West Jerusalem,Agender,6/13/2022,luxury,3300k,478
493,Sandnes,Male,10/15/2022,luxury,3300k,133
494,Mmathubudukwane,Male,9/2/2022,beach,3300k,927
495,Cúcuta,Polygender,6/20/2022,adventure,5500k,927
496,San Francisco,Female,1/12/2022,luxury,1800k,16
497,Greensboro,Male,10/26/2022,adventure,1800k,793
498,Ush-Tyube,Genderqueer,5/4/2022,beach,3300k,798
499,São Pedro Gafanhoeira,Male,4/20/2022,beach,3300k,829
500,Kajisara,Male,5/26/2022,adventure,5500k,115
